receptor,count,mean_best_docking_score,variance_best_docking_score
5ht1b,94,-12.413830,1.579915
braf,90,-11.682222,1.160128
fa7,95,-9.805263,0.481130
jak2,90,-10.974444,1.293014
parp1,96,-12.296875,1.314886
