receptor,count,mean_best_docking_score,variance_best_docking_score
5ht1b,24,-13.025000,0.271875
braf,23,-12.013043,0.300265
fa7,24,-10.104167,0.178733
jak2,24,-11.637500,0.312344
parp1,24,-12.904167,0.151233
