receptor,count_selected,mean_300,top20_count,top20_mean,top20_var,top10_count,top10_mean,top10_var,top05_count,top05_mean,top05_var,top03_count,top03_mean
5ht1b,300,-12.261000,60,-12.830000,0.085433,30,-13.020000,0.095600,15,-13.233333,0.099556,9,-13.411111
braf,300,-11.768333,60,-12.278333,0.088697,30,-12.496667,0.079656,15,-12.740000,0.033067,9,-12.855556
fa7,300,-9.721000,60,-10.145000,0.060475,30,-10.323333,0.054456,15,-10.480000,0.053600,9,-10.600000
jak2,300,-11.231333,60,-11.766667,0.087556,30,-11.963333,0.094322,15,-12.180000,0.090933,9,-12.333333
parp1,300,-12.390667,60,-12.981667,0.103164,30,-13.190000,0.111567,15,-13.353333,0.166489,9,-13.488889
