receptor,count_selected,mean_300,top20_count,top20_mean,top10_count,top10_mean,top05_count,top05_mean,top03_count,top03_mean
5ht1b,300,-13.093000,60,-13.846667,30,-14.150000,15,-14.486667,9,-14.755556
braf,300,-12.336000,60,-12.908333,30,-13.070000,15,-13.186667,9,-13.244444
fa7,300,-10.180333,60,-10.726667,30,-10.946667,15,-11.226667,9,-11.500000
jak2,300,-11.748000,60,-12.558333,30,-12.876667,15,-13.253333,9,-13.544444
parp1,300,-13.051000,60,-13.761667,30,-14.023333,15,-14.260000,9,-14.400000
